old_url,mockup_page,status
https://minthair.co.uk/,index.html,Mapped for review; redirect not deployed
https://minthair.co.uk,index.html,Mapped for review; redirect not deployed
https://minthair.co.uk/about/,about.html,Mapped for review; redirect not deployed
https://minthair.co.uk/products/,products.html,Mapped for review; redirect not deployed
https://minthair.co.uk/price-list/,price-list.html,Mapped for review; redirect not deployed
https://minthair.co.uk/contact/,contact.html,Mapped for review; redirect not deployed
https://minthair.co.uk/find-us/,contact.html,Mapped for review; redirect not deployed
https://minthair.co.uk/careers/,careers.html,Mapped for review; redirect not deployed
https://minthair.co.uk/opening-hours/,opening-hours.html,Mapped for review; redirect not deployed
https://minthair.co.uk/cookie-consent-policy/,cookie-consent-policy.html,Mapped for review; redirect not deployed
https://minthair.co.uk/privacy-policy/,privacy-policy.html,Mapped for review; redirect not deployed
https://minthair.co.uk/reviews/,reviews.html,Mapped for review; redirect not deployed
https://minthair.co.uk/blog/,blog.html,Mapped for review; redirect not deployed
https://minthair.co.uk/gallery/,gallery.html,Mapped for review; redirect not deployed
